{"cameraMode":{"drawMode":0,"name":"Shaded","section":"Shading Mode"},"sceneLighting":true,"audioPlay":false,"sceneViewState":{"showFog":false,"showMaterialUpdate":false,"showSkybox":false,"showFlares":false,"showImageEffects":false,"showParticleSystems":false},"in2DMode":false,"pivot":{"x":-14.791888236999512,"y":-72.46637725830078,"z":44.95002365112305},"rotation":{"x":0.48156479001045229,"y":-0.13181166350841523,"z":0.07352428883314133,"w":0.8633164763450623},"size":90.35237121582031,"orthographic":false}